dotCount	x	y	frequency	colour	size	pval	description	legend	members	representative	user
1	0.4670280607475036	0.7886848888654225	0.5851998784011678	-7.565431095965801	1.0986122886681098	2.72e-08	structural constituent of ribosome	1. structural constituent of ribosome	['GO:0003735', 'GO:0005198']	GO:0003735	0
2	-0.8037324498366842	-0.11043499790368125	1.0526599641670131	-5.161780778092374	2.302585092994046	6.89e-06	signaling receptor binding	2. signaling receptor binding	['GO:0005102', 'GO:0048018', 'GO:0001664', 'GO:0005178', 'GO:0050839', 'GO:0008017', 'GO:0005125', 'GO:0030546', 'GO:0030545']	GO:0005102	0
3	0.9550624889268874	-0.020150934425111604	0.9139848993877966	-2.714442690992226	1.9459101490553132	0.00193	transmembrane signaling receptor activity	3. transmembrane signaling receptor activity	['GO:0004888', 'GO:0038023', 'GO:0060089', 'GO:0008066', 'GO:0098960', 'GO:0030594']	GO:0004888	0
4	-0.35281571143031504	-0.7171311157860982	0.11212539254843568	-1.9871627752948278	1.6094379124341003	0.0103	ATP binding	4. ATP binding	['GO:0005524', 'GO:0032559', 'GO:0030554', 'GO:1901363']	GO:0005524	0
5	-0.46553459549691106	0.8228367004844677	1.1363155191756744	-1.9706162223147903	1.3862943611198906	0.0107	protein serine kinase activity	5. protein serine kinase activity	['GO:0106310', 'GO:0004674', 'GO:0140096']	GO:0106310	0
6	0.19999220708951948	-0.763804541234999	1.1142536770330849	-1.4023048140744876	0.6931471805599453	0.0396	copper ion binding	6. copper ion binding	['GO:0005507']	GO:0005507	0
