dotCount	x	y	frequency	colour	size	pval	description	legend	members	representative	user
1	-0.715351715421114	-0.3913559684779022	1.0526599641670131	-3.5816987086802543	1.3862943611198906	0.000262	signaling receptor binding	1. signaling receptor binding	['GO:0005102', 'GO:0001664', 'GO:0050839']	GO:0005102	0
2	0.8913350049322104	-0.012714589602347226	0.5851998784011678	-2.896196279044043	0.6931471805599453	0.00127	structural constituent of ribosome	2. structural constituent of ribosome	['GO:0003735']	GO:0003735	0
3	0.2591151275526555	-0.8536086526026287	0.7043216111684834	-2.0814454694497266	1.0986122886681098	0.00829	active transmembrane transporter activity	3. active transmembrane transporter activity	['GO:0022804', 'GO:0015399']	GO:0022804	0
4	0.2809044044800029	0.8490926682826336	1.1363155191756744	-1.5985994592184558	0.6931471805599453	0.0252	protein serine kinase activity	4. protein serine kinase activity	['GO:0106310']	GO:0106310	0
5	-0.7160028215437549	0.4085865424002444	0.11212539254843568	-1.448550002027125	0.6931471805599453	0.0356	ATP binding	5. ATP binding	['GO:0005524']	GO:0005524	0
